{"1": [[516.475341796875, 213.6148681640625], [516.4459838867188, 214.40576171875], [516.2781372070312, 213.92059326171875], [515.9423828125, 212.67703247070312], [516.0167236328125, 211.92965698242188], [515.680908203125, 211.2698974609375], [514.489501953125, 211.19314575195312], [513.5753784179688, 211.74020385742188], [512.281982421875, 212.46682739257812], [511.4046630859375, 214.01780700683594], [510.488037109375, 215.5550994873047], [509.23748779296875, 217.77890014648438], [508.3260498046875, 218.67645263671875], [507.09002685546875, 219.9197235107422]], "2": [[369.9700622558594, 493.70086669921875], [369.9919128417969, 493.2576904296875], [369.8690185546875, 492.2038269042969], [369.1396179199219, 491.6446533203125], [369.3999328613281, 490.85052490234375], [368.673583984375, 490.00567626953125], [367.4036865234375, 489.8563537597656], [366.538330078125, 490.0352783203125], [366.0789794921875, 491.02020263671875], [365.64239501953125, 492.5838928222656], [364.6007995605469, 493.5411682128906], [363.8516540527344, 494.9388427734375], [364.14508056640625, 496.0916748046875], [365.14190673828125, 498.2283935546875]]}